epoch,lr,epoch_time_s,train_loss,train_loss_gt,train_loss_kd,val_loss,val_loss_gt,val_loss_kd,val_kl_endpoint,val_kl_path,val_minfde_rough,val_minfde
1,1.000e-04,847.6,0.236745,0.279095,0.194395,1.752879,1.793396,1.712361,8.1478,10.7818,27068.7,
2,9.998e-05,846.5,0.088918,0.131214,0.046623,0.986243,1.026785,0.945702,6.3836,9.2531,11979.7,
3,9.990e-05,847.2,0.077589,0.119840,0.035338,0.596582,0.637172,0.555991,4.8212,7.6599,5668.7,
4,9.978e-05,845.3,0.072446,0.114720,0.030172,0.328088,0.368346,0.287831,3.8074,6.3440,3464.8,
5,9.961e-05,912.2,0.069221,0.111469,0.026973,0.186933,0.226929,0.146937,3.1006,5.3293,2411.8,2592.9
6,9.938e-05,846.4,0.066937,0.109144,0.024730,0.118821,0.158686,0.078955,2.5923,4.5347,1848.3,
7,9.911e-05,847.5,0.065024,0.107240,0.022808,0.086071,0.125847,0.046296,2.2025,3.8776,1524.7,
8,9.880e-05,847.2,0.063506,0.105734,0.021279,0.070415,0.110106,0.030724,1.9161,3.3495,1350.0,
9,9.843e-05,845.5,0.062192,0.104404,0.019980,0.062659,0.102293,0.023026,1.7220,2.9341,1253.8,
10,9.801e-05,912.5,0.061126,0.103337,0.018915,0.058538,0.098141,0.018934,1.5870,2.6248,1208.6,1308.1
11,9.755e-05,847.1,0.060092,0.102277,0.017907,0.056137,0.095732,0.016543,1.4959,2.4043,1174.6,
12,9.704e-05,845.9,0.059253,0.101444,0.017061,0.054468,0.094063,0.014873,1.4240,2.2268,1142.6,
13,9.649e-05,846.4,0.058515,0.100737,0.016294,0.053185,0.092794,0.013577,1.3616,2.0685,1119.5,
14,9.589e-05,846.4,0.057821,0.099980,0.015661,0.052157,0.091776,0.012537,1.2968,1.9289,1099.3,
15,9.524e-05,912.6,0.057186,0.099363,0.015009,0.051290,0.090914,0.011665,1.2330,1.8039,1087.0,1131.5
16,9.455e-05,846.8,0.056654,0.098821,0.014488,0.050607,0.090243,0.010971,1.1701,1.6956,1075.3,
17,9.382e-05,846.5,0.056117,0.098311,0.013922,0.050011,0.089661,0.010362,1.1116,1.6031,1066.6,
18,9.304e-05,847.8,0.055655,0.097848,0.013462,0.049492,0.089142,0.009842,1.0639,1.5288,1059.4,
19,9.222e-05,846.4,0.055179,0.097348,0.013010,0.049034,0.088700,0.009367,1.0202,1.4564,1052.9,
20,9.135e-05,912.5,0.054727,0.096835,0.012619,0.048616,0.088282,0.008949,0.9962,1.4048,1045.2,1062.7
21,9.045e-05,847.0,0.054387,0.096518,0.012257,0.048209,0.087855,0.008564,0.9757,1.3570,1039.2,
22,8.951e-05,846.4,0.054011,0.096147,0.011875,0.047893,0.087540,0.008246,0.9386,1.3075,1031.4,
23,8.853e-05,846.5,0.053745,0.095915,0.011575,0.047608,0.087260,0.007956,0.8977,1.2657,1025.7,
24,8.751e-05,846.3,0.053386,0.095523,0.011248,0.047335,0.086981,0.007688,0.8706,1.2440,1018.4,
25,8.645e-05,912.7,0.053103,0.095228,0.010978,0.047091,0.086752,0.007429,0.8507,1.2188,1015.0,1009.5
26,8.536e-05,846.5,0.052817,0.094916,0.010719,0.046858,0.086513,0.007203,0.8360,1.1880,1013.9,
27,8.423e-05,847.8,0.052570,0.094701,0.010438,0.046661,0.086323,0.006998,0.8141,1.1323,1006.9,
28,8.307e-05,848.0,0.052359,0.094522,0.010195,0.046455,0.086116,0.006794,0.7938,1.1055,1003.4,
29,8.187e-05,847.9,0.052029,0.094122,0.009935,0.046267,0.085921,0.006612,0.7683,1.0770,1001.3,
