epoch,lr,epoch_time_s,train_loss,train_loss_gt,train_loss_kd,val_loss,val_loss_gt,val_loss_kd,val_kl_endpoint,val_kl_path,val_minfde_rough,val_minfde,loss_scale_gt,loss_scale_kd
1,1.000e-04,420.6,0.938605,0.430244,0.345271,14.057362,2.496237,2.414086,8.7616,11.5275,36414.0,,0.210776,0.125576
2,9.998e-05,419.3,0.995755,0.191930,0.107427,10.659614,1.556597,1.474947,7.8802,10.5716,24381.3,,0.180498,0.095716
3,9.990e-05,419.1,0.997199,0.170893,0.086327,7.135245,0.923409,0.842068,6.4726,9.2006,12447.5,,0.163713,0.079267
4,9.978e-05,419.2,0.997838,0.157487,0.072960,5.084255,0.604655,0.523203,5.3832,8.1525,7168.7,,0.152265,0.068111
5,9.961e-05,436.8,0.998479,0.148400,0.063945,3.432866,0.392739,0.311380,4.5913,7.2569,4598.9,4598.7,0.145398,0.060577
6,9.938e-05,419.3,0.998583,0.141838,0.057292,2.325369,0.262829,0.181988,3.8847,6.3217,3194.7,,0.139121,0.054437
7,9.911e-05,419.0,0.999017,0.136790,0.052230,1.670391,0.192884,0.112693,3.2369,5.3437,2367.3,,0.135254,0.050300
8,9.880e-05,419.5,0.999029,0.132800,0.048324,1.340308,0.157608,0.077908,2.8189,4.5204,1936.1,,0.131133,0.046840
9,9.843e-05,419.3,0.999254,0.129966,0.045440,1.162582,0.138971,0.059532,2.6064,3.9494,1719.3,,0.128265,0.044191
10,9.801e-05,436.6,0.999279,0.127449,0.042998,1.067761,0.128355,0.049028,2.4922,3.5786,1588.1,1801.4,0.125588,0.041745
11,9.755e-05,419.2,0.999589,0.125599,0.041127,1.004504,0.121940,0.042674,2.4102,3.3419,1511.8,,0.124451,0.040179
12,9.704e-05,419.1,0.999643,0.124022,0.039566,0.965621,0.117813,0.038580,2.3319,3.1665,1458.0,,0.123601,0.038787
13,9.649e-05,418.9,0.999428,0.122567,0.038164,0.951150,0.114960,0.035752,2.2458,2.9955,1420.4,,0.121251,0.037311
14,9.589e-05,418.7,0.999803,0.121326,0.036912,0.929458,0.112842,0.033650,2.1813,2.8719,1398.6,,0.121070,0.036439
15,9.524e-05,436.3,0.999534,0.120438,0.035859,0.925072,0.111203,0.032028,2.1343,2.7734,1378.1,1562.4,0.119525,0.035091
16,9.455e-05,419.1,0.999519,0.119247,0.034887,0.924988,0.109865,0.030699,2.0977,2.7009,1358.1,,0.117630,0.033960
17,9.382e-05,419.1,0.999950,0.118511,0.034072,0.909589,0.108733,0.029579,2.0669,2.6464,1337.9,,0.117905,0.033607
18,9.304e-05,419.0,0.999691,0.117618,0.033239,0.906766,0.107746,0.028611,2.0311,2.5877,1320.8,,0.117053,0.032707
19,9.222e-05,419.0,0.999830,0.117014,0.032542,0.899455,0.106880,0.027742,2.0013,2.5427,1305.9,,0.116734,0.032191
20,9.135e-05,436.3,0.999592,0.116263,0.031838,0.903543,0.106120,0.026984,1.9734,2.5000,1294.1,1456.2,0.115073,0.031376
21,9.045e-05,418.9,0.999963,0.115702,0.031256,0.893119,0.105417,0.026283,1.9395,2.4511,1283.1,,0.115551,0.030981
22,8.951e-05,419.1,0.999552,0.115156,0.030702,0.900464,0.104790,0.025661,1.9050,2.4251,1272.8,,0.113806,0.030081
23,8.853e-05,419.0,0.999931,0.114566,0.030133,0.893285,0.104226,0.025096,1.8696,2.3932,1261.3,,0.113845,0.029826
24,8.751e-05,419.2,0.999856,0.114072,0.029596,0.889355,0.103678,0.024564,1.8465,2.3734,1251.9,,0.113813,0.029279
25,8.645e-05,436.5,0.999736,0.113615,0.029141,0.891035,0.103190,0.024079,1.8258,2.3537,1243.6,1388.2,0.113000,0.028688
26,8.536e-05,419.2,0.999997,0.113133,0.028708,0.882906,0.102737,0.023627,1.8030,2.3310,1236.1,,0.113212,0.028619
27,8.423e-05,419.2,0.999640,0.112722,0.028287,0.889187,0.102304,0.023199,1.7792,2.2999,1231.4,,0.111851,0.027958
28,8.307e-05,419.2,1.000016,0.112370,0.027903,0.880712,0.101885,0.022793,1.7624,2.2832,1227.3,,0.112317,0.027827
29,8.187e-05,419.1,0.999930,0.111956,0.027518,0.876371,0.101517,0.022431,1.7391,2.2615,1226.2,,0.112343,0.027598
30,8.065e-05,436.5,0.999762,0.111637,0.027153,0.878964,0.101195,0.022091,1.7155,2.2361,1222.3,1333.5,0.111858,0.026974
31,7.939e-05,419.1,0.999752,0.111238,0.026762,0.882590,0.100887,0.021776,1.6951,2.2137,1216.6,,0.110880,0.026591
32,7.810e-05,418.8,0.999959,0.110899,0.026473,0.878356,0.100612,0.021492,1.6751,2.1874,1211.0,,0.111067,0.026398
33,7.679e-05,418.8,0.999767,0.110599,0.026133,0.881577,0.100335,0.021204,1.6591,2.1566,1207.8,,0.110353,0.025950
34,7.545e-05,418.9,0.999999,0.110398,0.025858,0.876325,0.100085,0.020952,1.6504,2.1386,1204.7,,0.110601,0.025879
35,7.409e-05,436.3,0.999868,0.110009,0.025497,0.876291,0.099861,0.020706,1.6362,2.1181,1200.1,1297.4,0.110526,0.025475
36,7.270e-05,419.2,0.999715,0.109619,0.025198,0.882515,0.099639,0.020472,1.6205,2.0904,1194.1,,0.109575,0.024967
37,7.129e-05,418.9,0.999913,0.109426,0.024943,0.880864,0.099416,0.020237,1.6084,2.0752,1191.8,,0.109454,0.024774
38,6.986e-05,418.8,0.999941,0.109108,0.024693,0.878379,0.099200,0.020009,1.5936,2.0628,1187.3,,0.109267,0.024716
39,6.841e-05,418.7,0.999784,0.108873,0.024422,0.882194,0.098992,0.019791,1.5794,2.0473,1185.3,,0.108412,0.024432
40,6.694e-05,436.1,0.999992,0.108578,0.024183,0.877791,0.098805,0.019587,1.5699,2.0410,1182.8,1268.3,0.108947,0.024187
41,6.545e-05,419.0,0.999847,0.108368,0.023932,0.878799,0.098585,0.019375,1.5569,2.0225,1176.7,,0.108790,0.023777
42,6.395e-05,418.8,0.999895,0.108178,0.023693,0.878777,0.098412,0.019191,1.5479,2.0132,1172.1,,0.108502,0.023608
43,6.243e-05,418.7,0.999829,0.107877,0.023476,0.881543,0.098239,0.019018,1.5413,2.0114,1169.3,,0.107765,0.023437
44,6.091e-05,419.0,0.999995,0.107835,0.023290,0.877503,0.098077,0.018848,1.5378,2.0046,1168.5,,0.108380,0.023169
45,5.937e-05,436.2,0.999745,0.107450,0.023057,0.883748,0.097912,0.018680,1.5264,1.9973,1163.7,1244.9,0.107197,0.022932
46,5.782e-05,418.9,0.999852,0.107421,0.022874,0.885652,0.097752,0.018516,1.5183,1.9892,1157.6,,0.106739,0.022711
47,5.627e-05,419.0,0.999930,0.107075,0.022659,0.884597,0.097610,0.018366,1.5080,1.9801,1154.0,,0.106802,0.022504
48,5.471e-05,418.7,0.999827,0.106879,0.022479,0.887685,0.097471,0.018212,1.4974,1.9766,1150.5,,0.106273,0.022240
49,5.314e-05,418.9,1.000137,0.106753,0.022297,0.878312,0.097324,0.018063,1.4968,1.9686,1147.9,,0.107200,0.022319
50,5.157e-05,436.3,0.999849,0.106684,0.022141,0.880708,0.097187,0.017925,1.4962,1.9692,1149.7,1223.2,0.106802,0.022064
51,5.000e-05,419.0,0.999941,0.106357,0.021945,0.879782,0.097064,0.017797,1.4888,1.9636,1148.4,,0.106598,0.022027
52,4.843e-05,419.1,0.999925,0.106288,0.021817,0.879228,0.096930,0.017674,1.4816,1.9568,1144.9,,0.106657,0.021813
53,4.686e-05,418.6,0.999713,0.106134,0.021622,0.887440,0.096818,0.017555,1.4746,1.9614,1144.2,,0.105627,0.021424
54,4.529e-05,418.7,0.999943,0.105886,0.021478,0.886536,0.096706,0.017434,1.4743,1.9598,1143.4,,0.105480,0.021369
55,4.373e-05,436.1,0.999953,0.105701,0.021299,0.884990,0.096582,0.017313,1.4673,1.9514,1139.6,1206.2,0.105643,0.021196
56,4.218e-05,418.8,0.999985,0.105734,0.021204,0.882598,0.096484,0.017205,1.4641,1.9492,1137.5,,0.105811,0.021128
57,4.063e-05,418.7,0.999938,0.105546,0.021023,0.881754,0.096352,0.017094,1.4587,1.9529,1136.7,,0.105783,0.021003
58,3.909e-05,418.7,0.999718,0.105308,0.020901,0.890048,0.096244,0.016987,1.4589,1.9509,1134.2,,0.104530,0.020755
59,3.757e-05,418.5,1.000238,0.105281,0.020775,0.877654,0.096148,0.016887,1.4619,1.9531,1133.8,,0.105879,0.020936
60,3.605e-05,436.1,0.999691,0.105156,0.020650,0.887005,0.096045,0.016785,1.4541,1.9465,1134.2,1192.6,0.104663,0.020582
61,3.455e-05,419.0,0.999965,0.104962,0.020511,0.885430,0.095946,0.016686,1.4475,1.9393,1131.9,,0.104819,0.020457
62,3.306e-05,418.8,0.999907,0.104924,0.020385,0.886118,0.095842,0.016579,1.4430,1.9455,1131.9,,0.104489,0.020380
63,3.159e-05,418.6,0.999882,0.104770,0.020287,0.888101,0.095733,0.016490,1.4356,1.9475,1129.4,,0.103979,0.020306
64,3.014e-05,418.8,0.999944,0.104634,0.020144,0.887471,0.095664,0.016410,1.4295,1.9419,1128.6,,0.104381,0.020018
65,2.871e-05,436.2,1.000040,0.104427,0.020059,0.883240,0.095569,0.016322,1.4318,1.9406,1128.2,1180.9,0.104572,0.020109
66,2.730e-05,418.5,1.000023,0.104414,0.019940,0.879868,0.095501,0.016252,1.4285,1.9362,1126.8,,0.105117,0.019989
67,2.591e-05,418.7,0.999937,0.104356,0.019858,0.880180,0.095430,0.016180,1.4219,1.9353,1126.5,,0.104790,0.019999
68,2.455e-05,418.8,0.999808,0.104240,0.019742,0.885356,0.095354,0.016106,1.4187,1.9301,1124.8,,0.104214,0.019732
69,2.321e-05,419.2,0.999908,0.104112,0.019655,0.886842,0.095288,0.016044,1.4178,1.9296,1124.0,,0.104012,0.019601
70,2.190e-05,436.3,0.999932,0.103922,0.019536,0.887549,0.095236,0.015994,1.4100,1.9250,1122.2,1172.0,0.103908,0.019507
71,2.061e-05,418.9,0.999954,0.103879,0.019467,0.887571,0.095186,0.015947,1.4063,1.9215,1123.0,,0.103833,0.019458
72,1.935e-05,418.8,0.999875,0.103864,0.019418,0.890474,0.095129,0.015891,1.3992,1.9217,1119.7,,0.103532,0.019279
73,1.813e-05,418.9,1.000071,0.103796,0.019304,0.885704,0.095081,0.015841,1.4008,1.9245,1118.6,,0.104090,0.019296
74,1.693e-05,418.9,0.999878,0.103655,0.019257,0.888985,0.095037,0.015796,1.3988,1.9213,1117.6,,0.103448,0.019271
75,1.577e-05,436.4,0.999897,0.103632,0.019168,0.890902,0.094987,0.015746,1.3998,1.9226,1118.1,1166.4,0.103456,0.019032
76,1.464e-05,419.0,1.000117,0.103531,0.019079,0.884375,0.094934,0.015703,1.3973,1.9241,1117.9,,0.104101,0.019149
77,1.355e-05,419.0,0.999856,0.103443,0.019020,0.888560,0.094891,0.015667,1.3975,1.9284,1117.0,,0.103531,0.019030
78,1.249e-05,419.1,0.999974,0.103425,0.018947,0.888002,0.094853,0.015625,1.3933,1.9249,1115.1,,0.103414,0.019058
79,1.147e-05,419.0,0.999889,0.103357,0.018893,0.890792,0.094814,0.015590,1.3907,1.9255,1113.6,,0.103209,0.018880
80,1.049e-05,436.9,1.000036,0.103257,0.018862,0.887952,0.094779,0.015558,1.3906,1.9242,1112.1,1164.1,0.103370,0.018964
81,9.549e-06,419.3,1.000024,0.103314,0.018807,0.885335,0.094751,0.015521,1.3863,1.9227,1109.7,,0.103756,0.018921
82,8.646e-06,419.3,0.999912,0.103135,0.018750,0.887492,0.094730,0.015495,1.3835,1.9219,1108.7,,0.103532,0.018819
83,7.784e-06,419.3,0.999961,0.103273,0.018707,0.887617,0.094710,0.015471,1.3826,1.9219,1109.7,,0.103681,0.018701
84,6.963e-06,419.0,0.999894,0.103103,0.018656,0.890888,0.094694,0.015452,1.3819,1.9159,1110.5,,0.103043,0.018722
85,6.185e-06,436.6,0.999967,0.103032,0.018613,0.890986,0.094679,0.015436,1.3775,1.9122,1110.1,1160.1,0.103193,0.018617
86,5.450e-06,419.4,1.000032,0.102972,0.018584,0.888502,0.094655,0.015418,1.3748,1.9026,1109.2,,0.103431,0.018659
87,4.759e-06,419.2,0.999892,0.102998,0.018542,0.891685,0.094628,0.015402,1.3779,1.9019,1108.3,,0.103007,0.018584
88,4.112e-06,419.3,1.000057,0.102911,0.018514,0.888459,0.094618,0.015389,1.3784,1.9102,1107.8,,0.103186,0.018722
89,3.511e-06,419.4,0.999831,0.102842,0.018451,0.893992,0.094612,0.015375,1.3777,1.9119,1107.5,,0.102927,0.018410
90,2.956e-06,436.9,0.999936,0.102842,0.018430,0.895465,0.094591,0.015359,1.3782,1.9177,1107.6,1157.9,0.102637,0.018405
91,2.447e-06,419.3,1.000068,0.102898,0.018431,0.891489,0.094583,0.015348,1.3785,1.9167,1107.2,,0.103469,0.018300
92,1.985e-06,419.3,1.000029,0.102853,0.018414,0.889337,0.094569,0.015337,1.3744,1.9212,1105.9,,0.103565,0.018394
93,1.571e-06,419.4,0.999842,0.102824,0.018362,0.894788,0.094559,0.015329,1.3729,1.9261,1105.8,,0.102837,0.018311
94,1.204e-06,419.4,0.999940,0.102810,0.018384,0.896390,0.094546,0.015322,1.3720,1.9248,1105.1,,0.102516,0.018327
95,8.856e-07,437.1,1.000034,0.102762,0.018358,0.894162,0.094539,0.015318,1.3711,1.9216,1103.9,1153.9,0.102734,0.018382
96,6.156e-07,419.6,1.000064,0.102763,0.018350,0.890626,0.094531,0.015311,1.3702,1.9197,1104.2,,0.103193,0.018419
97,3.943e-07,419.7,0.999752,0.102667,0.018306,0.899872,0.094528,0.015306,1.3704,1.9246,1104.6,,0.101993,0.018286
98,2.219e-07,420.6,1.000222,0.102803,0.018322,0.890036,0.094525,0.015304,1.3707,1.9273,1105.2,,0.103129,0.018480
99,9.866e-08,420.2,0.999787,0.102666,0.018320,0.897749,0.094524,0.015302,1.3702,1.9320,1105.1,,0.102314,0.018286
100,2.467e-08,437.3,1.000069,0.102805,0.018336,0.894025,0.094523,0.015300,1.3696,1.9339,1105.0,1153.6,0.102865,0.018302
